payment_id,card_number,cvv,expiration_date
1,7437887299795475,117,2026-08
2,6199689364761788,705,2029-01
3,1258868513443159,299,2024-10
4,5103643790818727,497,2028-03
5,1778123194744948,821,2024-12
6,9985325524257893,806,2029-10
7,2638160742916564,723,2026-06
8,5356551682334329,602,2028-06
9,4902168430099121,968,2027-08
10,4376387621419676,506,2023-12
11,9497539925538566,853,2026-08
12,7684465577094753,422,2023-12
13,4393704110034785,772,2026-07
14,8602146161033004,862,2027-12
15,7037090127221079,503,2026-07
16,3640747304235500,555,2024-09
17,4599234348528836,257,2026-12
18,1266983074502999,932,2025-07
19,8702724514309553,136,2027-12
20,8298096802129105,250,2028-02
21,4767494681471775,977,2029-01
22,5817369256482668,617,2027-05
23,7813111317708076,861,2027-03
24,9811829641213568,489,2024-03
25,4926715922583534,523,2024-11
26,8141775083839474,845,2028-08
27,8598573731411354,762,2027-02
28,4554499261892070,378,2024-05
29,3832515753870660,194,2025-10
30,6575030668596869,225,2027-06
31,6036586253339048,967,2027-02
32,7010188469136016,639,2029-02
33,7216059097207634,776,2028-11
34,4157775324901975,463,2025-11
35,4341025579739809,166,2028-08
36,1948133451977471,956,2029-01
37,9128367219130615,656,2026-12
38,8080431946419363,288,2025-10
39,2349059479034394,740,2025-05
40,2295246084038130,827,2024-07
41,9447232518528770,929,2029-08
42,9426933199952508,820,2028-05
43,4029823631977756,300,2024-05
44,8207965677808191,502,2024-12
45,9902513130034307,690,2024-05
46,1469923022574059,312,2025-09
47,7398461213410644,533,2026-11
48,8966766860048954,527,2027-11
49,2610945166182982,169,2024-12
50,9434833052847955,462,2026-05
51,4893555014283551,784,2029-09
52,1408324116648328,536,2024-04
53,3310961703901829,590,2025-09
54,8017009279473988,574,2028-12
55,9835034405043119,821,2028-07
56,4718438339448108,469,2027-07
57,9327241771597944,229,2024-08
58,6490106693851104,221,2027-07
59,8506277334899283,838,2024-09
60,3426749346471231,692,2029-09
61,4574198875748711,427,2027-11
62,3974415888095130,198,2027-06
63,1997340178251248,514,2029-11
64,1020578199708129,956,2029-07
65,3593435632503872,439,2024-10
66,8938215429407082,218,2026-07
67,3008069533037191,320,2024-10
68,9464555622312314,874,2029-08
69,6031658669522268,602,2025-09
70,6810084782933889,472,2028-12
71,1154293850675542,836,2027-09
72,6471111478939772,962,2025-07
73,3626988689204721,645,2026-10
74,6056143631340374,246,2028-09
75,2471308906634861,964,2029-11
76,6392905613053611,229,2026-12
77,5593601618830012,171,2029-08
78,9363738928584499,401,2028-06
79,5443737130113339,213,2029-02
80,2396720453229054,369,2023-12
81,2120062567476511,603,2029-01
82,9236597222960632,397,2024-05
83,5922314633532144,381,2025-11
84,5928494804413713,954,2026-04
85,3231465908667408,625,2026-05
86,1379733842579028,737,2028-05
87,7830088354073008,441,2029-04
88,2176170457385789,929,2029-08
89,7299551083843411,429,2024-08
90,8451460150940050,645,2027-07
91,2406192147740435,136,2028-02
92,6170693285519112,804,2029-06
93,1206160349953038,172,2024-12
94,9322510751001467,408,2027-03
95,5848237757705469,435,2024-03
96,6464258719221214,468,2026-11
97,6231220318928914,973,2025-04
98,3237650803305302,434,2027-05
99,2580547783766331,390,2029-07
100,9447145990989294,305,2028-01
101,2594746745803167,192,2024-11
102,8086385145236962,763,2026-12
103,5758378808495601,459,2029-01
104,4778384602792085,425,2027-09
105,1933109498844226,190,2026-01
106,1947952548000145,265,2027-12
107,7864354894827088,294,2025-01
108,6034788455948554,223,2026-04
109,9517752392062948,874,2026-06
110,6215846575362619,834,2026-08
111,2551303284547936,298,2025-03
112,2017009445237732,855,2029-03
113,8901475033407196,360,2027-11
114,5725050174364353,856,2024-01
115,9855719035732251,824,2027-02
116,1960515272119696,360,2024-05
117,9309571607904652,502,2025-12
118,8141221412145527,138,2025-07
119,9308095761179976,160,2028-09
120,3664677050382884,820,2025-03
121,7428672820044109,877,2027-05
122,2030160200361927,792,2028-09
123,3386557701956302,432,2026-04
124,7528253317660918,669,2027-05
125,3480617197224284,176,2025-04
126,1034720280885037,724,2024-04
127,3453302989054239,789,2029-11
128,1539362156385543,424,2027-07
129,1079750916852380,353,2027-06
130,3670603703461492,772,2024-11
131,1395572212111410,156,2026-04
132,9395211782349927,765,2028-07
133,5345736989536262,250,2027-07
134,4260300225327237,941,2025-05
135,1718072427408964,168,2029-04
136,6605574302339431,809,2027-11
137,5842183060067019,937,2024-07
138,1089256718948937,127,2029-09
139,7577006070903960,431,2027-10
140,5723023844604403,781,2028-10
141,3175197216033954,286,2027-01
142,5196678510326029,756,2025-12
143,9105777332944835,998,2025-08
144,4593919425037156,935,2028-05
145,4738065825898248,638,2025-05
146,1938556171126280,249,2026-03
147,5430541619233900,249,2029-06
148,1516124608294217,660,2027-09
149,8313167297913926,580,2026-11
150,2389036631817182,274,2024-12
151,5005879647729927,444,2027-11
152,2680457819875665,330,2029-08
153,5386213133245714,931,2027-02
154,7894581086127915,927,2026-06
155,3106900012749381,757,2026-05
156,4568527442691128,957,2026-12
157,1515760821013521,675,2028-04
158,2276242175142514,153,2029-04
159,6960813019335602,722,2029-02
160,8165850332989551,342,2029-10
161,1711130026815277,871,2026-06
162,6070649578586057,905,2024-07
163,8832413988343910,525,2028-05
164,2403722222982510,825,2028-10
165,1358494112485276,624,2026-10
166,9663012819700668,508,2029-05
167,9576444955563761,411,2029-05
168,3750100478504206,380,2025-03
169,6998516404025090,991,2024-04
170,7448655790418676,571,2026-02
171,9723002044550693,900,2028-01
172,6015156906619943,937,2027-01
173,5845194931075436,980,2028-02
174,1356760920640433,430,2024-03
175,7061163240232185,117,2027-07
176,8755098891648492,719,2025-10
177,4258459330904607,584,2026-04
178,1439042569446827,746,2025-06
179,8067458685356587,240,2026-08
180,6663978718770158,455,2027-10
181,3982642695904942,594,2026-11
182,6976693989900920,134,2027-06
183,3575251333607247,535,2024-02
184,3477773028462743,170,2026-06
185,4240385009796190,385,2028-12
186,1446760620372596,416,2027-10
187,6474643359558009,625,2028-02
188,7383031849167171,656,2028-08
189,3019548602618982,982,2023-12
190,1440701478261805,325,2027-11
191,2712684927176572,388,2029-01
192,3962482919889771,179,2027-05
193,1033641517799399,412,2028-07
194,6055452521309379,822,2029-05
195,3665184604669737,571,2027-09
196,9298564100990916,310,2029-03
197,2699145300796181,919,2028-01
198,5063792947863337,855,2029-11
199,2409465562325912,340,2027-04
200,6294346852248113,691,2029-05
